<?xml version="1.0" encoding="UTF-8"?>

<?xml-stylesheet type="text/css" href="AssignmentSunday.css"?>

<booklist> 

<book>

<title>Harry Potter Sorcerer's stone</title> 

<author>J K. Rowling</author>

<year>1997</year>

<price>$ 18 </price>

</book>

<book>

<title>Harry Potter and chambers of Secrets</title> 

<author>J K. Rowling</author>

<year>1998</year>

<price>$ 20</price>

</book>

<book>

<title>Harry Potter and the prisoner of Azkaban</title> 

<author>J K. Rowling</author>

<year>1999</year>

<price>$ 22</price>

</book>

<book>

<title>Harry Potter and the Goblet of Fire </title> 

<author>J K. Rowling</author>

<year>2000</year>

<price>$ 24</price>

</book>

<book>

<title>Harry Potter and the Order of phoenix</title> 

<author>J K. Rowling</author>

<year>2003</year>

<price>$ 26</price>

</book>

<book>

<title>Harry Potter and the Half blood prince</title> 

<author>J K. Rowling</author>

<year>2005</year>

<price>$ 28</price>

</book>



</booklist>
